,tr_list,tr_trial_name,tr_label_hrf
0,1,blank,
1,2,blank,
2,3,blank,
3,4,blank,blank
4,5,blank,blank
5,6,blank,blank
6,7,blank,blank
7,8,COCOimage_46003.0_trialNum_1.0_runNum1_,blank
8,9,COCOimage_46003.0_trialNum_1.0_runNum1_,blank
9,10,blank,blank
10,11,COCOimage_61883.0_trialNum_2.0_runNum1_,COCOimage_46003.0_trialNum_1.0_runNum1_
11,12,COCOimage_61883.0_trialNum_2.0_runNum1_,COCOimage_46003.0_trialNum_1.0_runNum1_
12,13,COCOimage_829.0_trialNum_3.0_runNum1_,blank
13,14,COCOimage_829.0_trialNum_3.0_runNum1_,COCOimage_61883.0_trialNum_2.0_runNum1_
14,15,blank,COCOimage_61883.0_trialNum_2.0_runNum1_
15,16,COCOimage_67574.0_trialNum_4.0_runNum1_,COCOimage_829.0_trialNum_3.0_runNum1_
16,17,COCOimage_67574.0_trialNum_4.0_runNum1_,COCOimage_829.0_trialNum_3.0_runNum1_
17,18,COCOimage_16021.0_trialNum_5.0_runNum1_,blank
18,19,COCOimage_16021.0_trialNum_5.0_runNum1_,COCOimage_67574.0_trialNum_4.0_runNum1_
19,20,blank,COCOimage_67574.0_trialNum_4.0_runNum1_
20,21,COCOimage_40423.0_trialNum_6.0_runNum1_,COCOimage_16021.0_trialNum_5.0_runNum1_
21,22,COCOimage_40423.0_trialNum_6.0_runNum1_,COCOimage_16021.0_trialNum_5.0_runNum1_
22,23,COCOimage_51518.0_trialNum_7.0_runNum1_,blank
23,24,COCOimage_51518.0_trialNum_7.0_runNum1_,COCOimage_40423.0_trialNum_6.0_runNum1_
24,25,blank,COCOimage_40423.0_trialNum_6.0_runNum1_
25,26,COCOimage_62326.0_trialNum_8.0_runNum1_,COCOimage_51518.0_trialNum_7.0_runNum1_
26,27,COCOimage_62326.0_trialNum_8.0_runNum1_,COCOimage_51518.0_trialNum_7.0_runNum1_
27,28,COCOimage_50611.0_trialNum_9.0_runNum1_,blank
28,29,COCOimage_50611.0_trialNum_9.0_runNum1_,COCOimage_62326.0_trialNum_8.0_runNum1_
29,30,blank,COCOimage_62326.0_trialNum_8.0_runNum1_
30,31,COCOimage_55066.0_trialNum_10.0_runNum1_,COCOimage_50611.0_trialNum_9.0_runNum1_
31,32,COCOimage_55066.0_trialNum_10.0_runNum1_,COCOimage_50611.0_trialNum_9.0_runNum1_
32,33,COCOimage_37399.0_trialNum_11.0_runNum1_,blank
33,34,COCOimage_37399.0_trialNum_11.0_runNum1_,COCOimage_55066.0_trialNum_10.0_runNum1_
34,35,blank,COCOimage_55066.0_trialNum_10.0_runNum1_
35,36,COCOimage_18040.0_trialNum_12.0_runNum1_,COCOimage_37399.0_trialNum_11.0_runNum1_
36,37,COCOimage_18040.0_trialNum_12.0_runNum1_,COCOimage_37399.0_trialNum_11.0_runNum1_
37,38,blank,blank
38,39,blank,COCOimage_18040.0_trialNum_12.0_runNum1_
39,40,blank,COCOimage_18040.0_trialNum_12.0_runNum1_
40,41,COCOimage_67534.0_trialNum_13.0_runNum1_,blank
41,42,COCOimage_67534.0_trialNum_13.0_runNum1_,blank
42,43,blank,blank
43,44,COCOimage_21823.0_trialNum_14.0_runNum1_,COCOimage_67534.0_trialNum_13.0_runNum1_
44,45,blank,COCOimage_67534.0_trialNum_13.0_runNum1_
45,46,COCOimage_35406.0_trialNum_15.0_runNum1_,blank
46,47,COCOimage_35406.0_trialNum_15.0_runNum1_,COCOimage_21823.0_trialNum_14.0_runNum1_
47,48,COCOimage_21691.0_trialNum_16.0_runNum1_,blank
48,49,COCOimage_21691.0_trialNum_16.0_runNum1_,COCOimage_35406.0_trialNum_15.0_runNum1_
49,50,blank,COCOimage_35406.0_trialNum_15.0_runNum1_
50,51,COCOimage_28279.0_trialNum_17.0_runNum1_,COCOimage_21691.0_trialNum_16.0_runNum1_
51,52,COCOimage_28279.0_trialNum_17.0_runNum1_,COCOimage_21691.0_trialNum_16.0_runNum1_
52,53,COCOimage_10460.0_trialNum_18.0_runNum1_,blank
53,54,COCOimage_10460.0_trialNum_18.0_runNum1_,COCOimage_28279.0_trialNum_17.0_runNum1_
54,55,blank,COCOimage_28279.0_trialNum_17.0_runNum1_
55,56,COCOimage_2294.0_trialNum_19.0_runNum1_,COCOimage_10460.0_trialNum_18.0_runNum1_
56,57,COCOimage_2294.0_trialNum_19.0_runNum1_,COCOimage_10460.0_trialNum_18.0_runNum1_
57,58,COCOimage_44326.0_trialNum_20.0_runNum1_,blank
58,59,COCOimage_44326.0_trialNum_20.0_runNum1_,COCOimage_2294.0_trialNum_19.0_runNum1_
59,60,blank,COCOimage_2294.0_trialNum_19.0_runNum1_
60,61,COCOimage_38219.0_trialNum_21.0_runNum1_,COCOimage_44326.0_trialNum_20.0_runNum1_
61,62,COCOimage_38219.0_trialNum_21.0_runNum1_,COCOimage_44326.0_trialNum_20.0_runNum1_
62,63,COCOimage_30033.0_trialNum_22.0_runNum1_,blank
63,64,COCOimage_30033.0_trialNum_22.0_runNum1_,COCOimage_38219.0_trialNum_21.0_runNum1_
64,65,blank,COCOimage_38219.0_trialNum_21.0_runNum1_
65,66,blank,COCOimage_30033.0_trialNum_22.0_runNum1_
66,67,blank,COCOimage_30033.0_trialNum_22.0_runNum1_
67,68,COCOimage_65256.0_trialNum_23.0_runNum1_,blank
68,69,COCOimage_65256.0_trialNum_23.0_runNum1_,blank
69,70,blank,blank
70,71,COCOimage_64920.0_trialNum_24.0_runNum1_,COCOimage_65256.0_trialNum_23.0_runNum1_
71,72,COCOimage_64920.0_trialNum_24.0_runNum1_,COCOimage_65256.0_trialNum_23.0_runNum1_
72,73,COCOimage_12470.0_trialNum_25.0_runNum1_,blank
73,74,COCOimage_12470.0_trialNum_25.0_runNum1_,COCOimage_64920.0_trialNum_24.0_runNum1_
74,75,blank,COCOimage_64920.0_trialNum_24.0_runNum1_
75,76,COCOimage_43079.0_trialNum_26.0_runNum1_,COCOimage_12470.0_trialNum_25.0_runNum1_
76,77,COCOimage_43079.0_trialNum_26.0_runNum1_,COCOimage_12470.0_trialNum_25.0_runNum1_
77,78,COCOimage_8927.0_trialNum_27.0_runNum1_,blank
78,79,COCOimage_8927.0_trialNum_27.0_runNum1_,COCOimage_43079.0_trialNum_26.0_runNum1_
79,80,blank,COCOimage_43079.0_trialNum_26.0_runNum1_
80,81,COCOimage_9861.0_trialNum_28.0_runNum1_,COCOimage_8927.0_trialNum_27.0_runNum1_
81,82,COCOimage_9861.0_trialNum_28.0_runNum1_,COCOimage_8927.0_trialNum_27.0_runNum1_
82,83,COCOimage_48618.0_trialNum_29.0_runNum1_,blank
83,84,COCOimage_48618.0_trialNum_29.0_runNum1_,COCOimage_9861.0_trialNum_28.0_runNum1_
84,85,blank,COCOimage_9861.0_trialNum_28.0_runNum1_
85,86,COCOimage_18700.0_trialNum_30.0_runNum1_,COCOimage_48618.0_trialNum_29.0_runNum1_
86,87,COCOimage_18700.0_trialNum_30.0_runNum1_,COCOimage_48618.0_trialNum_29.0_runNum1_
87,88,COCOimage_52708.0_trialNum_31.0_runNum1_,blank
88,89,COCOimage_52708.0_trialNum_31.0_runNum1_,COCOimage_18700.0_trialNum_30.0_runNum1_
89,90,blank,COCOimage_18700.0_trialNum_30.0_runNum1_
90,91,COCOimage_65061.0_trialNum_32.0_runNum1_,COCOimage_52708.0_trialNum_31.0_runNum1_
91,92,COCOimage_65061.0_trialNum_32.0_runNum1_,COCOimage_52708.0_trialNum_31.0_runNum1_
92,93,COCOimage_47924.0_trialNum_33.0_runNum1_,blank
93,94,COCOimage_47924.0_trialNum_33.0_runNum1_,COCOimage_65061.0_trialNum_32.0_runNum1_
94,95,blank,COCOimage_65061.0_trialNum_32.0_runNum1_
95,96,COCOimage_54483.0_trialNum_34.0_runNum1_,COCOimage_47924.0_trialNum_33.0_runNum1_
96,97,COCOimage_54483.0_trialNum_34.0_runNum1_,COCOimage_47924.0_trialNum_33.0_runNum1_
97,98,blank,blank
98,99,blank,COCOimage_54483.0_trialNum_34.0_runNum1_
99,100,blank,COCOimage_54483.0_trialNum_34.0_runNum1_
100,101,COCOimage_58817.0_trialNum_35.0_runNum1_,blank
101,102,COCOimage_58817.0_trialNum_35.0_runNum1_,blank
102,103,COCOimage_44981.0_trialNum_36.0_runNum1_,blank
103,104,COCOimage_44981.0_trialNum_36.0_runNum1_,COCOimage_58817.0_trialNum_35.0_runNum1_
104,105,blank,COCOimage_58817.0_trialNum_35.0_runNum1_
105,106,COCOimage_12259.0_trialNum_37.0_runNum1_,COCOimage_44981.0_trialNum_36.0_runNum1_
106,107,COCOimage_12259.0_trialNum_37.0_runNum1_,COCOimage_44981.0_trialNum_36.0_runNum1_
107,108,COCOimage_2549.0_trialNum_38.0_runNum1_,blank
108,109,COCOimage_2549.0_trialNum_38.0_runNum1_,COCOimage_12259.0_trialNum_37.0_runNum1_
109,110,blank,COCOimage_12259.0_trialNum_37.0_runNum1_
110,111,COCOimage_11019.0_trialNum_39.0_runNum1_,COCOimage_2549.0_trialNum_38.0_runNum1_
111,112,COCOimage_11019.0_trialNum_39.0_runNum1_,COCOimage_2549.0_trialNum_38.0_runNum1_
112,113,COCOimage_23359.0_trialNum_40.0_runNum1_,blank
113,114,COCOimage_23359.0_trialNum_40.0_runNum1_,COCOimage_11019.0_trialNum_39.0_runNum1_
114,115,blank,COCOimage_11019.0_trialNum_39.0_runNum1_
115,116,COCOimage_39387.0_trialNum_41.0_runNum1_,COCOimage_23359.0_trialNum_40.0_runNum1_
116,117,COCOimage_39387.0_trialNum_41.0_runNum1_,COCOimage_23359.0_trialNum_40.0_runNum1_
117,118,COCOimage_17682.0_trialNum_42.0_runNum1_,blank
118,119,COCOimage_17682.0_trialNum_42.0_runNum1_,COCOimage_39387.0_trialNum_41.0_runNum1_
119,120,blank,COCOimage_39387.0_trialNum_41.0_runNum1_
120,121,COCOimage_61820.0_trialNum_43.0_runNum1_,COCOimage_17682.0_trialNum_42.0_runNum1_
121,122,COCOimage_61820.0_trialNum_43.0_runNum1_,COCOimage_17682.0_trialNum_42.0_runNum1_
122,123,COCOimage_572.0_trialNum_44.0_runNum1_,blank
123,124,COCOimage_572.0_trialNum_44.0_runNum1_,COCOimage_61820.0_trialNum_43.0_runNum1_
124,125,blank,COCOimage_61820.0_trialNum_43.0_runNum1_
125,126,COCOimage_32626.0_trialNum_45.0_runNum1_,COCOimage_572.0_trialNum_44.0_runNum1_
126,127,COCOimage_32626.0_trialNum_45.0_runNum1_,COCOimage_572.0_trialNum_44.0_runNum1_
127,128,blank,blank
128,129,blank,COCOimage_32626.0_trialNum_45.0_runNum1_
129,130,blank,COCOimage_32626.0_trialNum_45.0_runNum1_
130,131,COCOimage_28279.0_trialNum_46.0_runNum1_,blank
131,132,COCOimage_28279.0_trialNum_46.0_runNum1_,blank
132,133,COCOimage_17498.0_trialNum_47.0_runNum1_,blank
133,134,COCOimage_17498.0_trialNum_47.0_runNum1_,COCOimage_28279.0_trialNum_46.0_runNum1_
134,135,blank,COCOimage_28279.0_trialNum_46.0_runNum1_
135,136,COCOimage_50803.0_trialNum_48.0_runNum1_,COCOimage_17498.0_trialNum_47.0_runNum1_
136,137,COCOimage_50803.0_trialNum_48.0_runNum1_,COCOimage_17498.0_trialNum_47.0_runNum1_
137,138,COCOimage_36629.0_trialNum_49.0_runNum1_,blank
138,139,COCOimage_36629.0_trialNum_49.0_runNum1_,COCOimage_50803.0_trialNum_48.0_runNum1_
139,140,blank,COCOimage_50803.0_trialNum_48.0_runNum1_
140,141,COCOimage_22269.0_trialNum_50.0_runNum1_,COCOimage_36629.0_trialNum_49.0_runNum1_
141,142,COCOimage_22269.0_trialNum_50.0_runNum1_,COCOimage_36629.0_trialNum_49.0_runNum1_
142,143,COCOimage_27746.0_trialNum_51.0_runNum1_,blank
143,144,COCOimage_27746.0_trialNum_51.0_runNum1_,COCOimage_22269.0_trialNum_50.0_runNum1_
144,145,blank,COCOimage_22269.0_trialNum_50.0_runNum1_
145,146,COCOimage_18469.0_trialNum_52.0_runNum1_,COCOimage_27746.0_trialNum_51.0_runNum1_
146,147,COCOimage_18469.0_trialNum_52.0_runNum1_,COCOimage_27746.0_trialNum_51.0_runNum1_
147,148,COCOimage_34052.0_trialNum_53.0_runNum1_,blank
148,149,COCOimage_34052.0_trialNum_53.0_runNum1_,COCOimage_18469.0_trialNum_52.0_runNum1_
149,150,blank,COCOimage_18469.0_trialNum_52.0_runNum1_
150,151,COCOimage_15556.0_trialNum_54.0_runNum1_,COCOimage_34052.0_trialNum_53.0_runNum1_
151,152,COCOimage_15556.0_trialNum_54.0_runNum1_,COCOimage_34052.0_trialNum_53.0_runNum1_
152,153,blank,blank
153,154,blank,COCOimage_15556.0_trialNum_54.0_runNum1_
154,155,blank,COCOimage_15556.0_trialNum_54.0_runNum1_
155,156,COCOimage_17304.0_trialNum_55.0_runNum1_,blank
156,157,COCOimage_17304.0_trialNum_55.0_runNum1_,blank
157,158,COCOimage_53053.0_trialNum_56.0_runNum1_,blank
158,159,COCOimage_53053.0_trialNum_56.0_runNum1_,COCOimage_17304.0_trialNum_55.0_runNum1_
159,160,blank,COCOimage_17304.0_trialNum_55.0_runNum1_
160,161,COCOimage_4931.0_trialNum_57.0_runNum1_,COCOimage_53053.0_trialNum_56.0_runNum1_
161,162,COCOimage_4931.0_trialNum_57.0_runNum1_,COCOimage_53053.0_trialNum_56.0_runNum1_
162,163,COCOimage_43899.0_trialNum_58.0_runNum1_,blank
163,164,COCOimage_43899.0_trialNum_58.0_runNum1_,COCOimage_4931.0_trialNum_57.0_runNum1_
164,165,blank,COCOimage_4931.0_trialNum_57.0_runNum1_
165,166,COCOimage_3372.0_trialNum_59.0_runNum1_,COCOimage_43899.0_trialNum_58.0_runNum1_
166,167,COCOimage_3372.0_trialNum_59.0_runNum1_,COCOimage_43899.0_trialNum_58.0_runNum1_
167,168,COCOimage_17953.0_trialNum_60.0_runNum1_,blank
168,169,COCOimage_17953.0_trialNum_60.0_runNum1_,COCOimage_3372.0_trialNum_59.0_runNum1_
169,170,blank,COCOimage_3372.0_trialNum_59.0_runNum1_
170,171,COCOimage_31928.0_trialNum_61.0_runNum1_,COCOimage_17953.0_trialNum_60.0_runNum1_
171,172,COCOimage_31928.0_trialNum_61.0_runNum1_,COCOimage_17953.0_trialNum_60.0_runNum1_
172,173,COCOimage_50006.0_trialNum_62.0_runNum1_,blank
173,174,COCOimage_50006.0_trialNum_62.0_runNum1_,COCOimage_31928.0_trialNum_61.0_runNum1_
174,175,blank,COCOimage_31928.0_trialNum_61.0_runNum1_
175,176,COCOimage_35619.0_trialNum_63.0_runNum1_,COCOimage_50006.0_trialNum_62.0_runNum1_
176,177,COCOimage_35619.0_trialNum_63.0_runNum1_,COCOimage_50006.0_trialNum_62.0_runNum1_
177,178,blank,blank
178,179,blank,COCOimage_35619.0_trialNum_63.0_runNum1_
179,180,blank,COCOimage_35619.0_trialNum_63.0_runNum1_
180,181,blank,blank
181,182,blank,blank
182,183,blank,blank
183,184,blank,blank
184,185,blank,blank
185,186,blank,blank
186,187,blank,blank
187,188,blank,blank
